voter_id,nombre,partido,legislatura,dim_1,dim_2
P00001,"Adame Castillo, Marco Antonio",PAN,LXI,-0.360892,-0.703085
P00002,"Aguilar Bodegas, José Antonio",PRI,LXI,-0.318451,-0.947939
P00003,"Alanís Quiñones, Adrián",PRI,LXI,-0.087173,-0.889699
P00004,"Aldana Prieto, Luis Ricardo",PRI,LXI,-0.118333,-0.992974
P00005,"Amar Shabshab, Wadi",PAN,LX,0.009786,-0.96028
P00006,"Amaya Téllez, Rodimiro",MORENA,LXI,-0.063269,-0.997989
P00007,"Angeles Cerón, Esteban Miguel",PRI,LX,0.02346,-0.881841
P00008,"Arias Aparicio, Eduardo",PAN,LXI,-0.255694,-0.877969
P00009,"Astudillo Flores, Héctor Antonio",PRI,LXI,0.024997,-0.999687
P00010,"Ayala Almeida, Joel",PRI,LXI,0.204634,-0.951181
P00011,"Bartlett Díaz, Manuel",PT,LXII,-0.817839,-0.575448
P00012,"Becerra Rodríguez, Salvador",PAN,LX,0.012475,-0.603803
P00013,"Bojórquez Mungaray, Francisco",PRI,LXI,-0.04032,-0.935167
P00014,"Bonilla Robles, José Eulogio",PRI,LXI,0.05013,-0.721798
P00015,"Buganza Salmerón, Gerardo",PAN,LXI,0.008362,-0.808621
P00016,"Camacho Quiroz, César",PRI,LX,0.016531,-0.999863
P00017,"Campuzano González, Rómulo",PAN,LXI,0.055445,-0.931641
P00018,"Canavati Tafich, Ricardo",PRI,LXI,-0.263985,-0.918631
P00019,"Cañedo Benitez, Rafael",PRI,LX,-0.04338,-0.999058
P00020,"Cantón Zetina, Oscar",PRI,LX,-0.356969,-0.492908
P00021,"Cárdenas Batel, Lázaro",MORENA,LX,-0.002605,-0.999997
P00022,"Cárdenas Gutiérrez, Gustavo A",PAN,LXI,-0.12789,-0.981578
P00023,"Cárdenas Hernández, Raymundo",MORENA,LXI,-0.075334,-0.978115
P00024,"Castañeda Pérez, José Alberto",PAN,LXI,-0.771022,-0.636808
P00026,"Castro Castro, José Adalberto",PRI,LX,-0.068012,-0.99768
P00027,"Castro Cervantes, Moisés",MORENA,LXI,-0.112377,-0.988733
P00028,"Chaurand Arzate, Carlos",PRI,LXI,-0.00737,-0.730692
P00030,"Cisneros Fernández, Joaquín",PRI,LX,-0.604174,-0.796853
P00031,"Colosio Fernández, Luis",PRI,LXI,0.090872,-0.903871
P00032,"Corral Avila, Ramón",PAN,LXI,-0.007741,-0.959097
P00033,"Corral Jurado, Javier",PAN,LXI,-0.396704,-0.392496
P00034,"Corral Romero, María del Carmen",PAN,LX,-0.067155,-0.997743
P00035,"Cortina Reynoso, Manuel",PAN,LX,-0.173211,-0.734042
P00036,"Cota Osuna, José Carlos",PRI,LXI,0.019186,-0.999816
P00037,"Cruz Martínez, Marcos Carlos",MORENA,LXI,-0.204393,-0.885053
P00038,"Cruz Muñoz, María Elena",PAN,LXI,-0.265553,-0.807946
P00039,"De la Vega García, Netzahualcóyotl",PRI,LXI,0.154554,-0.896133
P00040,"Díaz Castro, Lauro",PRI,LX,-0.263575,-0.469578
P00041,"Domínguez López, Silvia Asunción",PRI,LXI,-0.309504,-0.869369
P00042,"Escalante Jasso, Aracely",PRI,LXI,0.080608,-0.757197
P00043,"Escandón Cadenas, Rutilio Cruz",MORENA,LXI,-0.017175,-0.943659
P00044,"Esquivel Reyes, Rita María",PAN,LXI,-0.237277,-0.971442
P00045,"Fernández de Cevallos Ramos, Diego",PAN,LX,0.412594,-0.350429
P00046,"Fernández de Cevallos y Urueta, Francisco",PAN,LXI,0.607096,-0.585794
P00047,"Fernández Rodríguez, Marco Antonio",PRI,LXI,0.634537,-0.488417
P00048,"Ferrer Rodríguez, María Esther",PAN,LX,0.543771,-0.562235
P00049,"Fraile García, Francisco A",PAN,LXI,0.730582,-0.541888
P00050,"Franco Jiménez, Jorge Eduardo",PRI,LXI,0.700997,-0.633515
P00051,"Galván Muñoz, Jesús",PAN,LXI,0.525755,-0.459
P00052,"Gamboa Patrón, Emilio",PRI,LXII,0.490052,-0.542335
P00053,"García Torres, Antonio",PRI,LXI,0.475816,-0.478825
P00054,"Garza Galindo, Laura Alicia",PRI,LX,0.767729,-0.640774
P00055,"Gil Elorduy, José Ernesto",PRI,LXI,0.602661,-0.398026
P00056,"Gómez Bravo, Emilia Patricia",PVEM,LX,0.744861,-0.556772
P00057,"Gómez Esparza, Fernando",PRI,LXI,0.744885,-0.540884
P00058,"Gómez Verónica, Gildardo",PAN,LXI,0.492198,-0.508835
P00059,"González González, Rigoberto",PAN,LXI,0.449448,-0.45229
P00060,"González Hernández, Yolanda Eugenia",PRI,LX,0.335493,-0.407072
P00061,"González Martínez, Jorge Emilio",PVEM,LX,0.526307,-0.533644
P00062,"Guerrero López, Judit Magdalena",PRI,LXI,0.538824,-0.551058
P00063,"Gutierrez Barrios, Fernando",PRI,LX,0.601694,-0.408974
P00065,"Hamdan Amad, Fauzi",PAN,LXI,0.531649,-0.545716
P00066,"Hernández Deras, Ismael A.",PRI,LX,-0.395515,0.106188
P00067,"Hernández Genis, Héctor Javier",PAN,LX,0.505683,-0.505356
P00068,"Montaño Yamuni, Joaquín",PAN,LX,-0.787423,-0.616413
P00069,"Morgan Alvarez, Rafael Gilberto",PAN,LXI,-0.44132,0.005005
P00070,"Mota Sánchez, Ramón",PRI,LXI,-0.437814,-0.061341
P00072,"Muro González, Ana Bricia",PRI,LX,-0.422099,0.501682
P00073,"Navarro Quintana, Marcela",PAN,LX,-0.291471,0.720666
P00074,"Navarro Quintero, Miguel Angel",MORENA,LXIV,-0.31953,0.715281
P00075,"Nordhausen González, Jorge Rubén",PAN,LX,-0.368709,0.675723
P00076,"Ojeda Zubieta, César Raúl",MORENA,LX,-0.39344,0.691002
P00077,"Osuna Jaime, Héctor Guillermo",PAN,LXI,-0.525379,-0.332076
P00078,"Borrego Estrada, Genaro",PRI,LXI,-0.358891,-0.724345
P00079,"Gallegos Soto, Benjamín",PAN,LXI,0.464509,-0.338845
P00080,"Grande Sánchez, José Pascual",PRI,LX,0.479545,-0.367155
P00081,"Gutiérrez Gutiérrez, Alejandro",PRI,LXI,0.48687,-0.431063
P00082,"Haghenbeck Cámara, José Antonio",PAN,LXI,0.441389,-0.350615
P00083,"Herbert Pérez, Guillermo",PAN,LXI,0.244794,-0.132326
P00084,"Hernández Enríquez, Silvia",PRI,LXI,0.384927,-0.250658
P00085,"Herrera Beltrán, Fidel",PRI,LX,-0.187055,0.982349
P00086,"Herrera Mendoza, Jose Guillermo",MORENA,LXI,0.020266,0.794148
P00087,"Jackson Ramírez, Jesús Enrique",PRI,LXI,0.071533,0.575035
P00088,"Jáuregui Robles, César",PAN,LXI,0.514571,0.857448
P00089,"Jiménez González, David",PRI,LX,0.221984,0.693708
P00090,"Joaquín Coldwell, Addy Cecilia",PAN,LX,-0.156176,0.614305
P00091,"Jones Jones, Jeffrey Max",PAN,LX,-0.027401,0.769563
P00092,"Larios Córdova, Héctor",PAN,LXIII,0.781266,0.1544
P00093,"Larregui Nagel, Erika",PVEM,LX,0.308731,0.951148
P00094,"Lavara Mejía, Gloria",PVEM,LX,0.429717,0.668089
P00095,"López Nelio Santiago, Daniel",MORENA,LX,0.205868,0.644605
P00096,"López Sollano, Saúl",MORENA,LXI,0.299484,0.781771
P00097,"Lozano Armengol, Jorge",PAN,LX,0.015978,0.999872
P00098,"Luebbert Gutiérrez, Oscar",PRI,LXI,-0.00153,0.788052
P00099,"Madero Quiroga, Adalberto Arturo",PAN,LX,0.09598,0.995383
P00100,"Madrazo Limón, Carlos",PAN,LXI,0.407709,0.85239
P00101,"Madrid Tovilla, Arely",PRI,LXI,-0.158887,0.379958
P00102,"Margáin Berlanga, Fernando",PAN,LXI,0.218561,0.841713
P00103,"Margaiz Ramírez, Filomena",PAN,LXI,-0.115364,0.669132
P00104,"Medina Plascencia, Carlos",PAN,LX,0.288475,0.957487
P00105,"Mendez de la Luz, Armando",MORENA,LXI,0.090874,0.811627
P00106,"Méndez Lanz, Víctor Manuel",PRI,LX,-0.006955,0.999976
P00107,"Méndez Márquez, Victoria Eugenia",PRI,LXI,0.571916,0.82031
P00108,"Méndez Meneses, Apolonio",PAN,LX,0.205521,0.633318
P00109,"Aguilar González, Micaela",PAN,LXI,-0.263947,-0.734638
P00110,"Alaniz Posada, Ricardo",PAN,LXI,0.258139,-0.870547
P00111,"Bours Castelo, Eduardo",PRI,LXI,0.136203,-0.953793
P00112,"Calderón Hinojosa, Luisa María",PAN,LXII,-0.061962,-0.367931
P00113,"Castañeda Álvarez, Erasmo",MORENA,LXI,0.032958,-0.936334
P00114,"Cruz López, Oscar",MORENA,LX,-0.237541,-0.971375
P00115,"González Parás, José Natividad",PRI,LXI,0.380196,-0.272848
P00116,"Madero García, Lydia",PAN,LX,0.136123,0.66706
P00117,"Melgoza Radillo, Rafael",MORENA,LXI,0.229676,0.615758
P00118,"Oliva Ramírez, Juan Manuel",PAN,LX,-0.108089,0.838308
P00119,"Ortega Martínez, Jesús",MORENA,LXI,-0.004681,0.999989
P00120,"Martínez Mireles, Alberto Miguel",PAN,LX,0.156984,0.621972
P00121,"Burgos Ochoa, Leticia",MORENA,LX,-0.12464,-0.992201
P00122,"Gerardo Higuera, Ricardo",MORENA,LX,0.537757,-0.543652
P00123,"Gómez Flores, Omar Raymundo",PRI,LXI,0.580358,-0.423066
P00124,"González Zarur, Mariano",PRI,LXI,0.549712,-0.543748
P00125,"Michel Camarena, Héctor",PRI,LX,-0.465116,0.027542
P00126,"Ovando Martínez, Eduardo",PRI,LXI,-0.447795,0.076412
P00127,"Ling Altamirano, Héctor Federico",PAN,LXI,0.293591,0.770525
P00128,"Palacios Cordero, Blas Rafael",MORENA,LX,-0.004657,-0.999989
P00129,"López Sánchez, Jorge Abel",PRI,LX,0.124345,0.723665
P00628,"Paredes Lara, Orlando Alberto",PRI,LXI,0.489748,-0.494036
P00629,"Patrón Laviada, Patricio José",PAN,LXI,-0.112446,-0.979344
P00630,"Pérez de Alva Blanco, Roberto",PRI,LX,0.172205,-0.985061
P00631,"Porras Bautista, Eleuterio",PAN,LXI,-0.410826,0.004919
P00632,"Ramírez García, María del Carmen",MORENA,LX,0.30452,-0.92348
P00633,"Remes Ojeda, Antonio de Jesús",PAN,LXI,-0.208873,-0.977943
P00637,"Rico Samaniego, Luis Alberto",PAN,LX,-0.865962,-0.50011
P00640,"Ríos Alvarez, Serafín",MORENA,LXI,0.057129,0.783812
P00648,"Rojas Gutiérrez, Carlos",PRI,LX,0.144597,-0.986733
P00650,"Romero Castillo, Cecilia",PAN,LX,0.172481,-0.952809
P00651,"Roque Villanueva, Humberto",PRI,LX,0.172481,-0.952809
P00655,"Dip. Álvarez y Mazarrasa, Jaime Aguilar",PRI,LX,0.133203,-0.634747
P00656,"Andrade Quezada, Humberto",PAN,LXI,-0.238392,-0.966386
P00657,"Dip. Anaya Mota, Claudia Edith",MORENA,LX,0.030255,0.031852
P00658,"Anaya Llamas, José Guillermo",PAN,LX,0.274613,-0.955154
P00659,"Álvarez Mata, Sergio",PAN,LXI,-0.158712,0.637035
P00660,"Dip. Antuña Batista, Fidel",PAN,LX,0.190602,-0.727504
P00661,"Dip. Aragón Castillo, Irene",MORENA,LXI,0.513727,-0.510919
P00664,"Arce, René",PVEM,LXI,0.527506,-0.503547
P00670,"Dip. Castillo Juárez, Laura Itzel",PT,LXI,0.179571,-0.854349
P00671,"Dip. Castillo Nájera, Ariel",MORENA,LXI,0.638687,0.691352
P00672,"Dip. Castro Cosío, Víctor Manuel",MORENA,LXI,-0.171431,0.51749
P00673,"Castro Trenti, Fernando Jorge",PRI,LXI,-0.248428,0.547109
P00674,"Dip. Cerda Pérez, Rogelio",PRI,LXI,-0.934754,-0.355294
P00675,"Dip. Cervantes Andrade, Raúl",PRI,LXI,0.467087,-0.350666
P00676,"Dip. Chanona Burguete, Alejandro",MC,LXI,-0.78764,-0.616132
P00677,"Dip. Cobo Terrazas, Diego",PVEM,LXI,0.999797,-0.020126
P00678,"Dip. Collado Lara, Beatriz",PAN,LXI,-0.00125,-0.999999
P00679,"Contreras Castillo, Armando",MORENA,LXI,0.161059,-0.729228
P00680,"Contreras Sandoval, Eva",PAN,LXI,0.517226,-0.534396
P00681,"Coppola Joffroy, Luis Alberto",PAN,LXI,-0.272705,0.471515
P00684,"Félix Guerra, Heriberto",PAN,LXI,0.041919,0.864728
P00685,"Dip. Flores Domínguez, Emilio Ramón Ramiro",PAN,LXI,0.509152,-0.453642
P00687,"Galván Rivas, Andrés",PAN,LXI,0.060067,0.91397
P00688,"Dip. Gálvez Rodríguez, Fernel Arturo",MORENA,LXI,0.573963,-0.445209
P00689,"Dip. Gamboa Patrón, Emilio",PRI,LXI,0.589943,-0.467019
P00690,"García Cervantes, Ricardo Francisco",PAN,LXI,0.306801,-0.792044
P00691,"García Lizardi, Francisco Alcibíades",MC,LXI,-0.343989,-0.533818
P00692,"García Quiroz, María del Socorro",PRI,LXI,0.054107,0.766517
P00693,"Dip. García Portillo, Arturo",PAN,LXI,0.595099,0.803651
P00694,"García Sánchez, María Cruz",MC,LXI,-0.020236,-0.963461
P00697,"Gular Solórzano, Alberto",PRI,LXI,-0.019932,-0.908599
P00698,"Gutiérrez Zurita, Dolores del Carmen",MORENA,LXI,0.506505,0.647256
P00703,"Guzmán Soto, Valentín",MORENA,LXI,0.111095,0.841576
P00706,"Hernández García, Ramiro",PRI,LXI,0.478042,-0.672568
P00707,"Hernández González, Maurilio",MORENA,LXI,0.095096,0.851983
P00711,"Dip. Hernández Olmos, Paula Angélica",PRI,LXI,0.046262,-0.998929
P00712,"Dip. Hernández Pérez, David",PRI,LXI,-0.075318,0.648376
P00713,"Hernández Ramos, Minerva",PAN,LXVI,0.282984,-0.854912
P00730,"Aispuro Torres, José Rosas",PAN,LXII,0.10103,-0.31904
P00731,"Albores Gleason, Roberto Armando",PRI,LXII,0.208735,-0.665353
P00732,"Alcalá Ruiz, Blanca María del Socorro",PRI,LXII,0.192453,-0.729412
P00733,"Álvarez García, Ivonne Liliana",PRI,LXII,0.212137,-0.6349
P00734,"Amador Gaxiola, Daniel",PRI,LXII,0.208514,-0.63233
P00735,"Araujo Lara, Angélica del Rosario",PRI,LXII,0.201639,-0.626932
P00736,"Arriola Gordillo, Mónica Tzasna",MORENA,LXII,-0.16577,-0.470486
P00737,"Ávila Ruiz, Daniel Gabriel",PAN,LXIII,0.929626,0.368503
P00738,"Barbosa Huerta, Miguel",MORENA,LXII,-0.542197,-0.595974
P00739,"Barrera Tapia, María Elena",PVEM,LXII,0.211264,-0.641899
P00740,"Barroso Agramont, Ricardo",PRI,LXII,0.195844,-0.622838
P00741,"Beristain Navarrete, Luz María",MORENA,LXII,-0.579398,-0.607539
P00742,"Burgos García, Enrique",PRI,LXII,0.196976,-0.63869
P00743,"Búrquez Valenzuela, Francisco de Paula",PAN,LXII,0.786591,0.216612
P00744,"Camacho Solís, Víctor Manuel",MORENA,LXII,-0.641163,-0.520515
P00745,"Casillas Romero, Jesús",PRI,LXII,0.205783,-0.630209
P00746,"Cavazos Lerma, Manuel",PRI,LXII,0.21034,-0.615704
P00747,"Cervantes Andrade, Raúl",PRI,LXII,0.209639,-0.649329
P00748,"Chico Herrera, Miguel Ángel",PRI,LXII,0.872029,-0.489454
P00749,"Cordero Arroyo, Ernesto Javier",PAN,LXII,0.484387,-0.119858
P00750,"Cota Jiménez, Manuel Humberto",PRI,LXII,0.193282,-0.673304
P00751,"Cuéllar Cisneros, Lorena",MORENA,LXII,-0.652053,-0.531973
P00752,"Cuevas Barron, Gabriela",PAN,LXII,0.90517,0.106547
P00753,"Dávila Fernández, Adriana",PAN,LXII,0.249588,-0.089281
P00754,"De la Peña Gómez, Angélica",MORENA,LXII,-0.54031,-0.624769
P00755,"Delgado Carrillo, Mario",MORENA,LXII,-0.724969,-0.596833
P00756,"Demédicis Hidalgo, Fidel",MORENA,LXII,-0.557037,-0.567361
P00757,"Díaz Lizama, Rosa Adriana",PAN,LXII,0.627511,0.060728
P00758,"Díaz Salazar, María Cristina",PRI,LXII,0.21264,-0.649174
P00759,"Domínguez Servién, Francisco",PAN,LXII,0.56797,-0.067583
P00760,"Encinas Rodríguez, Alejandro de Jesús",MORENA,LXII,-0.683353,-0.500435
P00761,"Escudero Morales, Pablo",PVEM,LXII,0.22886,-0.647578
P00762,"Fayad Meneses, Omar",PRI,LXII,-0.114073,-0.864115
P00763,"Fernández Aguirre, Braulio Manuel",PRI,LXII,0.232029,-0.629265
P00764,"Flores Escalera, Hilda Esthela",PRI,LXII,0.209571,-0.648176
P00765,"Flores Ramírez, Juan Gerardo",PVEM,LXII,0.200018,-0.643777
P00766,"Flores Sánchez, Margarita",PRI,LXII,0.207822,-0.613225
P00767,"Gándara Camou, Ernesto",PRI,LXII,0.195701,-0.641161
P00768,"García Cabeza de Vaca, Francisco",PAN,LXII,0.32525,-0.135445
P00769,"García Gómez, Martha Elena",PAN,LXIII,0.388873,-0.035532
P00770,"Garza Galván, Silvia Guadalupe",PAN,LXII,0.483867,0.135758
P00771,"Gastélum Bajo, Diva Hadamira",PRI,LXII,0.220667,-0.599754
P00772,"Gil Zuarth, Roberto",PAN,LXII,0.439021,-0.144547
P00773,"Gómez del Campo Gurza, Mariana",PAN,LXIII,0.422719,-0.052204
P00774,"Gómez González, Arely",PRI,LXII,0.001881,-0.999998
P00775,"González Canto, Félix Arturo",PRI,LXII,0.199479,-0.640156
P00776,"González Cuevas, Isaías",PRI,LXII,0.204448,-0.619908
P00777,"Gracia Guzmán, Raúl",PAN,LXIII,0.949489,0.313802
P00778,"Guerra Castillo, Marcela",PRI,LXII,0.101288,-0.557955
P00779,"Guevara Espinoza, Ana Gabriela",PT,LXII,-0.998254,-0.059068
P00780,"Hermosillo y Celada, Víctor",PAN,LXII,0.958879,0.283816
P00781,"Hernández Deras, Ismael",PRI,LXII,0.204418,-0.631546
P00782,"Hernández Lecona, Lisbeth",PRI,LXII,0.200222,-0.625545
P00783,"Herrera Ale, Juana Leticia",PRI,LXII,0.203473,-0.651911
P00784,"Herrera Anzaldo, Ana Lilia",PRI,LXII,0.196366,-0.640417
P00785,"Herrera Ávila, Fernando",PAN,LXII,0.276205,-0.103172
P00786,"Irízar López, Aarón",PRI,LXII,0.20184,-0.631887
P00787,"Juárez Cisneros, René",PRI,LXII,0.198718,-0.687849
P00788,"Lavalle Maury, Jorge Luis",PAN,LXII,0.3532,-0.195789
P00789,"López Brito, Francisco Salvador",PAN,LXIII,0.473567,0.016479
P00790,"López Hernández, Adán Augusto",MORENA,LXII,-0.934513,0.355928
P00791,"Martínez García, Patricio",PRI,LXII,0.547306,-0.610588
P00792,"Martínez Martínez, José María",PAN,LXII,0.817086,0.060837
P00793,"Mayans Canabal, Fernando Enrique",MORENA,LXII,-0.702337,-0.505905
P00794,"Mayans Canabal, Humberto Domingo",PRI,LXIII,0.217666,-0.616034
P00795,"Mendoza Davis, Carlos",PAN,LXII,0.258453,-0.14968
P00796,"Mendoza Díaz, Sonia",PAN,LXII,0.433671,-0.014915
P00797,"Mendoza Mendoza, Iris Vianey",MORENA,LXII,-0.411758,0.251583
P00798,"Monreal Ávila, David",PT,LXII,-0.962451,-0.271457
P00799,"Morón Orozco, Raúl",MORENA,LXII,-0.590422,-0.543428
P00800,"Orihuela Bárcenas, José Ascención",PRI,LXIII,0.213489,-0.614865
P00801,"Orozco Sandoval, Martín",PAN,LXII,0.443879,0.060413
P00802,"Ortiz Domínguez, Maki Esther",PAN,LXII,0.213042,-0.070745
P00803,"Ortiz González, Graciela",PRI,LXII,0.230489,-0.625322
P00804,"Padierna Luna, María de los Dolores",MORENA,LXII,-0.657858,-0.537111
P00805,"Palafox Gutiérrez, Martha",PT,LXII,-0.934127,0.356942
P00806,"Pavlovich Arellano, Claudia Artemiza",PRI,LXII,0.211114,-0.635464
P00807,"Pedraza Chávez, Isidro",MORENA,LXII,-0.5572,-0.645583
P00808,"Pedroza Gaitán, César Octavio",PAN,LXII,0.589667,0.004057
P00809,"Penchyna Grub, David",PRI,LXII,0.19627,-0.649723
P00810,"Pérez Magaña, Eviel",PRI,LXII,0.234731,-0.688068
P00811,"Pineda Gochi, Ma. del Rocío",PRI,LXII,0.199454,-0.6268
P00812,"Pozos Lanz, Raúl Aarón",PRI,LXII,0.200253,-0.630107
P00813,"Preciado Rodríguez, Jorge Luis",PAN,LXII,0.511593,-0.033602
P00814,"Puente Salas, Carlos Alberto",PVEM,LXII,0.196972,-0.653247
P00815,"Ramírez Hernández, Sofío",PRI,LXIII,0.951765,0.306828
P00816,"Ríos de la Mora, Itzel Sarahí",PRI,LXIII,0.192119,-0.613661
P00817,"Ríos Piter, Armando",MORENA,LXII,-0.537193,-0.593781
P00818,"Robledo Aburto, Zoé",MORENA,LXII,-0.549629,-0.593972
P00819,"Robles Montoya, Ángel Benjamín",MORENA,LXII,-0.597128,-0.626235
P00820,"Rojas Hernández, Laura Angélica",PAN,LXII,0.130208,-0.045381
P00821,"Romero Celis, Mely",PRI,LXII,0.413255,-0.605481
P00822,"Romero Deschamps, Carlos",PRI,LXII,0.219402,-0.581587
P00823,"Romero Hicks, Juan Carlos",PAN,LXII,0.692781,0.244885
P00824,"Romero Lainas, Adolfo",MORENA,LXII,-0.480881,-0.65245
P00825,"Romo Medina, Miguel",PRI,LXII,0.196171,-0.636213
P00826,"Rosas González, Óscar Román",PRI,LXII,0.225568,-0.646631
P00827,"Ruffo Appel, Ernesto",PAN,LXII,0.936475,0.350734
P00828,"Salazar Fernández, Luis Fernando",PAN,LXII,0.240518,-0.133606
P00829,"Salazar Solorio, Rabindranath",MORENA,LXII,-0.729846,-0.595286
P00830,"Saldaña Pérez, María Lucero",PRI,LXII,0.204793,-0.620194
P00831,"Salinas Sada, Ninfa",PVEM,LXII,0.252466,-0.620908
P00832,"Sánchez Jiménez, Luis",MORENA,LXII,-0.542171,-0.571562
P00833,"Sansores San Román, Layda",PT,LXII,-0.985306,-0.170796
P00834,"Tello Cristerna, Alejandro",PRI,LXII,0.196939,-0.653072
P00835,"Torres Corzo, Teófilo",PRI,LXII,0.220182,-0.609784
P00836,"Torres Graciano, Fernando",PAN,LXIII,0.640935,0.049218
P00837,"Vega Casillas, Salvador",PAN,LXIII,0.298153,-0.207098
P00838,"Yunes Landa, Héctor",PRI,LXII,0.18971,-0.649467
P00839,"Yunes Márquez, Fernando",PAN,LXII,0.4913,-0.064549
P00840,"Zamora Jiménez, Arturo",PRI,LXIII,0.241028,-0.970518
P00841,"Barrales Magdaleno, María Alejandra",MORENA,LXII,-0.53199,-0.601299
P00842,"Lozano Alarcón, Javier",PAN,LXII,0.669006,-0.024679
P00843,"Merodio Reza, Lilia Guadalupe",PRI,LXII,0.361033,-0.541914
P00844,"Neyra Chávez, Armando",PRI,LXII,0.197668,-0.63255
P00845,"Yunes Zorrilla, José Francisco",PRI,LXII,0.021151,-0.748768
P00846,"Melgar Bravo, Luis Armando",PVEM,LXII,0.200825,-0.467056
P00847,"Torres Peimbert, María Marcela",PAN,LXII,0.980846,0.194786
P00848,"Blásquez Salinas, Marco Antonio",PT,LXII,-0.990922,0.134441
P00849,"Sánchez García, Gerardo",PRI,LXII,0.21245,-0.62269
P00850,"Ortega Martínez, Ma. del Pilar",PAN,LXII,0.337009,-0.028979
P00851,"Martínez Espinoza, María Verónica",PAN,LXII,0.214371,-0.630296
P00852,"Galindo Matías, Norma Alicia",PRI,LXII,0.342186,-0.701751
P00890,"Hernández Núñez, Elia",PAN,LXII,0.395182,-0.487415
P00896,"Oramas Vargas, Arquímedes",PRI,LXII,0.197821,-0.789995
P00898,"Urzúa Rivera, Ricardo",PAN,LXIII,0.230906,-0.576272
P00915,"Acosta Islas, Anabel",PRI,LXIII,0.194792,-0.628211
P00916,"Aréchiga Ávila, Jorge",PVEM,LXIII,0.194343,-0.624594
P00917,"Ceseña Burgoin, Ángel Salvador",PRI,LXII,0.167316,-0.790359
P00918,"Fernández Sánchez Navarro, Juan Alejandro",PAN,LXIII,0.602759,-0.093556
P00919,"Montes Colunga, Vianey",PAN,LXII,0.021236,-0.770096
P00920,"Quiroga Tamez, Mayela María de Lourdes",PRI,LXII,0.167316,-0.790359
P00921,"Trujillo Íñiguez, Agustín",PAN,LXII,-0.081834,-0.86514
P00922,"Cobián Chávez, Irma Zulema",PAN,LXII,0.377176,0.000624
P00923,"Clavel Sánchez, Lizette",PAN,LXII,0.165937,-0.039401
P00924,"Domínguez Arvizu, María Hilaria",PAN,LXIII,0.222598,-0.684614
P00925,"Rocha Acosta, Sonia",PAN,LXIII,0.755294,0.087804
P00926,"Borreguín González, Luciano",PAN,LXII,-0.568235,-0.682715
P00927,"Salinas Balam, Víctor",PRI,LXIII,0.116652,-0.627983
P01430,"Fernández Fuentes, Luis Humberto",PAN,LXIII,-0.595366,-0.645626
P01431,"Tagle Martínez, Martha Angélica",MORENA,LXIII,-0.626533,-0.68291
P01432,"Medina Ramírez, Tereso",PRI,LXIII,0.190087,-0.636866
P01433,"Merino Campos, Carlos Manuel",PT,LXIII,-0.81009,-0.586306
P01458,"Toledo Luis, Jorge",PRI,LXIII,0.189845,-0.615345
P01464,"Ayala Ríos, Erika",PRI,LXIII,0.251632,-0.766692
P01465,"de la Torre Valdez, Yolanda",PRI,LXIII,0.21368,-0.586135
P01466,"García Guajardo, Sandra Luz",PAN,LXIII,0.425222,-0.090046
P01467,"Olvera Acevedo, José Marco Antonio",PRI,LXIII,0.20063,-0.63528
P01468,"Priego Calva, Jesús",PAN,LXIII,0.194815,-0.622024
P01469,"Santana García, José de Jesús",PAN,LXIII,0.554416,-0.143464
P01470,"García García, Andrea",PAN,LXIII,0.452174,-0.108611
P01471,"Flores Ávalos, Héctor David",PAN,LXIII,0.24608,-0.130575
P01472,"Martínez Elizondo, Sylvia Leticia",PAN,LXIII,0.694545,0.204979
P01474,"Izaguirre Francos, María del Carmen",PRI,LXIII,0.206697,-0.611441
P01475,"González Rodríguez, María de los Ángeles Verónica",MORENA,LXIII,-0.874291,0.485401
P01476,"Menchaca Medrano, Héctor Adrián",PT,LXIII,-0.933606,-0.358302
P01477,"Roldán Benítez, Alejandra",PT,LXIII,-0.731337,-0.440187
P01478,"Torres López, Amelia",PAN,LXIII,0.272607,-0.641089
P01480,"Dorantes Martínez, Carmen",PRI,LXIII,0.194523,-0.61888
P01481,"Hernández Ruiz, Félix Benjamín",PT,LXIII,-0.611599,-0.654965
P01482,"Cárdenas Fonseca, Manuel",PAN,LXIII,0.937137,-0.348962
P01483,"Ceballos Llerenas, Hilda",PRI,LXIII,0.202661,-0.674036
P01486,"Marín Moreno, María Lorena",PAN,LXIII,0.196145,-0.580451
P01495,"Albarrán Mendoza, Esteban",PRI,LXIII,0.220806,-0.587946
P01497,"Herrera Guajardo, Laura Guadalupe",PAN,LXIII,0.10947,-0.018015
P01498,"Leal Islas, Patricia",PAN,LXIII,0.994942,-0.100451
P01499,"García Chávez, Raymundo",PRI,LXIII,0.414596,-0.647992
P01500,"Guzmán Avilés, María del Rosario",PAN,LXIII,0.417952,-0.061449
P01524,"Barrón Vivanco, Michelle Arandine",PRI,LXIII,0.414558,-0.647991
P01555,"Tapia Franco, José María",PRI,LXIII,0.170028,-0.631251
P01556,"Cesáreo Guzmán, Celestino",MORENA,LXIII,-0.978355,0.206935
P01562,"Galicia Ávila, Víctor Manuel Anastasio",PRI,LXIII,0.043148,-0.6334
P01563,"Rementería Coello, Ainara",PRI,LXIII,0.106974,-0.616141
P01564,"Zuarth Esquinca, Rubén Antonio",PRI,LXIII,0.107338,-0.615355
P01565,"Lucia Espejo, Miguel Enrique",PT,LXIII,-0.756212,-0.599466
P01566,"Berlanga Sánchez, Marlon",PT,LXIII,-0.793114,-0.418524
P01567,"Loaiza Garzón, Adriana",PAN,LXIII,-0.329705,-0.494948
P01568,"Luque Inzunza, Martha Vianey",PVEM,LXIII,0.107052,-0.615675
P01570,"Flores Valdez, Anastacia Guadalupe",PRI,LXIII,0.108679,-0.622339
P01574,"Terán Velázquez, María Esther",PRI,LXIII,0.116811,-0.611666
P01577,"Esquinca Cano, Froilán",PT,LXIII,-0.797884,-0.370467
P01579,"González Pérez, Elva Martha",PAN,LXIII,-0.365114,-0.329843
P01580,"Ojesto Martínez Porcayo, María del Carmen",PT,LXIII,-0.806853,-0.590752
P01581,"Carrasco Zanini Castillo, Eduardo Ernesto",PT,LXIII,-0.727894,-0.447652
P01584,"Abreu Artiñano, Rocío Adriana",MORENA,LXVI,-0.015731,0.755021
P01585,"Ahued Bardahuil, Ricardo",MORENA,LXIV,-0.631935,0.446361
P01586,"Álvarez Lima, José Antonio Cruz",MORENA,LXVI,0.053997,0.779093
P01587,"Añorve Baños, Manuel",PRI,LXVI,0.345082,-0.58381
P01588,"Arias Solís, Cristóbal",MORENA,LXVI,0.005326,0.741091
P01589,"Armenta Mier, Alejandro",MORENA,LXVI,0.029018,0.784219
P01590,"Ávila Vázquez, Katya Elizabeth",MORENA,LXVI,0.030511,0.816185
P01591,"Ávila Villegas, Eruviel",PRI,LXIV,0.322126,-0.433318
P01592,"Balderas Espinoza, Claudia Esther",MORENA,LXVI,-0.449194,0.882004
P01593,"Bañuelos, Geovanna",PT,LXVI,-0.315068,0.430275
P01594,"Batres Guadarrama, Martí",MORENA,LXIV,-0.046969,0.998896
P01595,"Beltrones Sánchez, Sylvana",PRI,LXVI,0.216928,-0.594002
P01596,"Benavides Cobos, Gabriela",PVEM,LXVI,0.052427,-0.002162
P01597,"Bolaños-Cacho Cué, Raúl",PVEM,LXIV,-0.007337,0.36495
P01598,"Bonilla Valdez, Jaime",MORENA,LXVI,-0.283374,0.959009
P01599,"Camino Farjat, Verónica Noemí",MORENA,LXVI,0.1712,0.563701
P01600,"Caraveo Camarena, Bertha Alicia",MORENA,LXVI,0.017384,0.770087
P01601,"Cárdenas Mariscal, María Antonia",MORENA,LXVI,-0.362673,0.931916
P01602,"Castañeda Hoeflich, Clemente",MC,LXVI,-0.463695,-0.772807
P01603,"Castro Castro, Imelda",MORENA,LXVI,0.032344,0.85305
P01604,"Covarrubias Cervantes, Ma. Guadalupe",MORENA,LXVI,0.023764,0.769904
P01605,"De la Sierra Arámburo, Nancy",PT,LXVI,-0.971904,0.235376
P01606,"De León Villard, Sasil",MORENA,LXVI,0.176263,0.904638
P01607,"Delgadillo García, Verónica",MC,LXVI,-0.729561,-0.537367
P01608,"Delgado, Dante",MC,LXVI,-0.714559,-0.554825
P01609,"Dothé Mata, Primo",MORENA,LXIV,-0.210794,0.919821
P01610,"Enríquez Herrera, José Ramón",MORENA,LXVI,-0.037804,0.572272
P01611,"Galaz Caletti, Eva Eugenia",MORENA,LXIV,0.019726,0.999805
P01612,"García Arrieta, Angélica",MORENA,LXIV,0.089671,0.918458
P01613,"García Conejo, Antonio",MORENA,LXIV,-0.172202,-0.446259
P01614,"García Sepúlveda, Samuel Alejandro",MC,LXIV,-0.831601,-0.555372
P01615,"García Yáñez, Ángel",PRI,LXVI,0.320564,-0.58281
P01616,"Gómez Álvarez, Delfina",MORENA,LXVI,0.040521,0.834314
P01617,"González Yáñez, Alejandro",PT,LXVI,0.005751,0.999983
P01618,"Guadiana Tijerina, Santana Armando",MORENA,LXIV,-0.062675,0.675987
P01619,"Gutiérrez Castorena, Daniel",MORENA,LXVI,0.071653,0.901395
P01620,"Jara Cruz, Salomón",MORENA,LXIV,-0.005411,0.840558
P01621,"Lagunes Soto Ruíz, Alejandra",PVEM,LXVI,0.038123,-0.126454
P01622,"Luévano Cantú, María Soledad",MORENA,LXVI,-0.010205,0.767523
P01623,"Mancera Espinosa, Miguel Ángel",MORENA,LXVI,-0.157911,-0.378623
P01624,"Martínez Cázares, Germán",MORENA,LXVI,-0.968181,0.250252
P01625,"Martínez García, Verónica",PRI,LXVI,0.324034,-0.611139
P01626,"Martínez Hernández, Ifigenia",MORENA,LXIV,-0.0,0.609969
P01627,"Martínez Miranda, Higinio",MORENA,LXVI,0.035279,0.892144
P01628,"May Rodríguez, Javier",MORENA,LXIV,0.085992,0.915662
P01629,"Mayorga Delgado, Nuvia Magdalena",PRI,LXIV,0.365645,-0.463386
P01630,"Menchaca Salazar, Julio Ramón",MORENA,LXIV,-0.22425,0.752791
P01631,"Méndez Ortiz, Casimiro",MORENA,LXVI,0.069252,0.915938
P01632,"Meza, Lucy",MORENA,LXIV,-0.323493,0.882148
P01633,"Micher Camarena, Martha Lucía",MORENA,LXVI,-0.13366,0.787205
P01634,"Monreal Ávila, Ricardo",MORENA,LXVI,-0.353421,0.672481
P01635,"Mora Arellano, Elvia Marcela",MORENA,LXVI,-0.131898,0.750363
P01636,"Narro Céspedes, José",MORENA,LXVI,0.007666,0.99997
P01637,"Noyola Cervantes, Ma. Leonor",PVEM,LXIV,-0.767973,0.094627
P01638,"Osorio Chong, Miguel Ángel",PRI,LXIV,0.151695,-0.551763
P01639,"Ostoa Ortega, Aníbal",MORENA,LXVI,-0.007332,0.754932
P01640,"Padilla Peña, Joel",PT,LXVI,-0.264278,0.533046
P01641,"Paredes Rangel, Beatriz Elena",PRI,LXIV,0.147576,-0.564837
P01642,"Pech Várguez, José Luis",MORENA,LXIV,-0.771924,0.635715
P01643,"Pérez Cuellar, Cruz",MORENA,LXIV,0.160052,0.855952
P01644,"Pinedo Alonso, Cora Cecilia",PT,LXVI,-0.338688,0.486561
P01645,"Ramírez Aguilar, Oscar Eduardo",MORENA,LXIV,0.031988,0.787096
P01646,"Ramírez Marín, Jorge Carlos",PRI,LXVI,0.096987,-0.266325
P01647,"Rivera Rivera, Ana Lilia",MORENA,LXVI,0.150556,0.930606
P01648,"Rocha Moya, Rubén",MORENA,LXIV,-0.062166,0.730602
P01649,"Romo Molina, Eunice Renata",MORENA,LXVI,4.6e-05,0.800456
P01650,"Rubio Márquez, Vanessa",PRI,LXIV,0.26718,-0.572094
P01651,"Ruiz Massieu Salinas, Claudia",PRI,LXIV,0.124005,-0.572725
P01652,"Salazar Solorio, Radamés",MORENA,LXIV,-0.069537,0.73835
P01653,"Salgado Macedonio, J. Félix",MORENA,LXVI,0.014767,0.771958
P01654,"Sánchez García, Cecilia Margarita",MORENA,LXVI,-0.728329,0.685228
P01655,"Téllez, Lilly",PAN,LXVI,0.627045,-0.778983
P01656,"Trasviña Waldenrath, Jesús Lucía",MORENA,LXVI,0.032528,0.84638
P01657,"Valdez Martínez, Lilia Margarita",MORENA,LXVI,0.042259,0.839236
P01658,"Vasconcelos, Héctor",MORENA,LXIV,-0.147274,0.797483
P01659,"Velasco Coello, Manuel",PVEM,LXVI,0.005728,0.393557
P01660,"Villarreal Anaya, Américo",MORENA,LXIV,0.03759,0.849334
P01661,"Villegas Canché, Freyda Marybel",MORENA,LXIV,0.026723,0.760791
P01662,"Zamora Gastélum, Mario",PRI,LXVI,0.248631,-0.597793
P01663,"Zamora Guzmán, Rogelio Israel",PVEM,LXVI,0.094958,0.412043
P01664,"Zepeda, Juan",MC,LXVI,-0.692544,-0.577611
P01665,"Álvarez Icaza Longoria, Emilio",MORENA,LXVI,-0.047242,-0.998883
P01666,"Bermúdez Méndez, José Erandi",PAN,LXVI,0.265712,-0.893018
P01667,"Castro Cosío, Víctor Manuel",MORENA,LXIV,-0.001445,0.999999
P01668,"Cruz Blackledge, Gina Andrea",PAN,LXVI,0.316053,-0.85415
P01669,"Fernández Balboa, Mónica",MORENA,LXVI,-0.079752,0.890443
P01670,"Fócil Pérez, Juan Manuel",MORENA,LXIV,-0.557424,-0.389227
P01671,"Fuentes Solís, Víctor Oswaldo",PAN,LXVI,0.492375,-0.854079
P01672,"Gálvez Ruiz, Xóchitl",PAN,LXIV,0.144397,-0.947101
P01673,"Gama Basarte, Marco Antonio",PAN,LXVI,0.250604,-0.764917
P01674,"García Cabeza de Vaca, Ismael",PAN,LXVI,0.120054,-0.874393
P01675,"Herrera Ruiz, Gilberto",MORENA,LXVI,-0.224751,0.974416
P01676,"Kempis Martínez, Indira",MC,LXIV,-0.612948,-0.620403
P01677,"López Rabadán, Kenia",PAN,LXVI,0.214455,-0.875701
P01678,"Madero Muñoz, Gustavo Enrique",PAN,LXVI,0.07461,-0.979816
P01679,"Márquez Alvarado, Martha Cecilia",PAN,LXVI,0.713575,-0.700579
P01680,"Martín del Campo Martín del Campo, Juan Antonio",PAN,LXVI,0.181697,-0.816294
P01681,"Martínez Simón, Mayuli Latifa",PAN,LXVI,0.010748,-0.999942
P01682,"Mercado, Patricia",MC,LXVI,-0.773542,-0.490164
P01683,"Navarro Acevedo, Nadia",PAN,LXIV,0.296872,-0.804762
P01684,"Núñez Sánchez, Gloria Elizabeth",PAN,LXVI,0.205442,-0.795762
P01685,"Paz Alonzo, Raúl",PAN,LXVI,-0.978624,-0.205655
P01686,"Piña Gudiño, Blanca Estela",MORENA,LXVI,-0.159272,0.987235
P01687,"Rementería del Puerto, Julen",PAN,LXVI,0.320662,-0.83588
P01688,"Reynoso Sánchez, Alejandra Noemí",PAN,LXVI,0.275959,-0.881981
P01689,"Rosales San Román, Indira de Jesús",PAN,LXIV,0.265172,-0.869784
P01690,"Saldaña Cisneros, María Guadalupe",PAN,LXVI,0.265855,-0.840368
P01691,"Salgado García, Nestora",MORENA,LXVI,-0.236899,0.849351
P01692,"Vázquez Alatorre, Antares Guadalupe",MORENA,LXVI,-0.01098,0.99994
P01693,"Vázquez Mota, Josefina",PAN,LXVI,0.251831,-0.841391
P01694,"Zepeda Vidales, Damián",PAN,LXVI,0.064528,-0.997916
P01695,"Harp Iturribarría, Susana",MORENA,LXVI,-0.16636,0.803301
P01696,"Hernández Mora, M. Citlalli",MORENA,LXIV,0.41631,0.881687
P01697,"León Gastélum, Alejandra del Carmen",PT,LXVI,-0.949307,0.314351
P01698,"Valencia de la Mora, Gricelda",MORENA,LXVI,-0.110407,0.773469
P01699,"Gómez Urrutia, Napoleón",MORENA,LXVI,0.085896,0.843638
P01701,"Kuri González, Mauricio",PAN,LXIV,0.318023,-0.843473
P01702,"Moreno Valle Rosas, Rafael",PAN,LXIV,0.149595,-0.556911
P01703,"Murguía Gutiérrez, María Guadalupe",PAN,LXIV,0.134926,-0.818521
P01704,"Aceves del Olmo, Carlos Humberto",PRI,LXIV,0.208711,-0.49195
P01705,"Anaya Mota, Claudia Edith",PRI,LXVI,0.269738,-0.706854
P01706,"Murat Hinojosa, Eduardo Enrique",PVEM,LXIV,-0.14547,0.125952
P01707,"García Hernández, Gabriel",MORENA,LXVI,0.15882,0.958304
P01708,"Quiñonez Ruiz, Juan",MC,LXIV,-0.999202,-0.039934
P01709,"Sánchez Cordero Dávila, Olga María del Carmen",MORENA,LXVI,-0.27742,0.876855
P01710,"Castañón, Noé",MC,LXVI,-0.702288,-0.530044
P01712,"Bours Griffith, Arturo",MORENA,LXIV,-0.049488,0.736351
P01714,"Peña Villa, José Alejandro",MORENA,LXIV,-0.064058,0.738608
P01715,"Rodríguez Ramírez, Jesusa",MORENA,LXIV,-0.757393,0.652959
P01716,"Sánchez Hernández, Gloria",MORENA,LXVI,-0.031118,0.913211
P01717,"Guerrero Sánchez, Martha",MORENA,LXIV,0.035961,0.831255
P01718,"Haces Barba, Pedro",MORENA,LXIV,-0.106769,0.582082
P01719,"Jiménez Yáñez, Juan José",MORENA,LXIV,-0.084105,0.732251
P01720,"Peralta Suárez, Ovidio Salvador",MORENA,LXVI,0.078808,0.89656
P01721,"Velázquez Meza, Ricardo",MORENA,LXVI,-0.200164,0.780537
P01722,"Novelo Osuna, Gerardo",MORENA,LXIV,-0.613035,0.790056
P01724,"Rodríguez Domínguez, Martha María",PAN,LXIV,0.119979,-0.992775
P01726,"Maceda Luna, Omar Obed",MORENA,LXIV,-0.192938,-0.390182
P01727,"González González, María Merced",MORENA,LXVI,0.208686,0.934425
P01728,"Moya Clemente, Roberto Juan",PAN,LXVI,0.373112,-0.710537
P01729,"Encinas Meneses, Jesús",MORENA,LXIV,-0.852803,0.522233
P01730,"Molina Ramírez, Joel",MORENA,LXIV,-0.163191,0.605473
P01732,"Lucero Olivas, Miguel Ángel",PT,LXIV,-0.593054,0.566528
P01734,"Dip. Bonifaz Moedano, Raúl Eduardo",MORENA,LXIV,0.196094,0.980585
P01737,"Dip. Delgado Carrillo, Mario",MORENA,LXIV,-0.028741,0.999587
P01746,"Dip. Sandoval Flores, Reginaldo",PT,LXVI,0.022553,0.999344
P01747,"Dip. Sauri Riancho, Dulce María",PRI,LXIV,-0.830213,0.097417
P01759,"Dip. Huerta del Río, María de los Ángeles",MORENA,LXIV,0.195162,0.980771
P01764,"Pérez Astorga, Ernesto",MORENA,LXVI,-0.195276,0.705412
P01769,"Moreno Bastida, Ricardo",MORENA,LXVI,0.111679,0.785496
P01774,"Dip. Gutiérrez Luna, Sergio Carlos",MORENA,LXIV,0.017091,0.999854
P01778,"Dip. Moreira Valdez, Rubén Ignacio",PRI,LXIV,0.171551,-0.393075
P01779,"Dip. Olvera Bautista, Simey",MORENA,LXIV,0.486784,0.873522
P01786,"Dip. Salazar Báez, Josefina",PAN,LXIV,-0.806475,-0.591268
P01790,"Habib Abimerhi, Jorge Alberto",PRI,LXIV,-0.621854,-0.417577
P01791,"Rueda Gómez, Concepción",MORENA,LXIV,-0.340468,0.542694
P01793,"Sánchez Arredondo, Nancy Guadalupe",MORENA,LXVI,-0.252025,0.708162
P01794,"Galarza Villaseñor, José Alberto",MC,LXIV,-0.802825,-0.596214
P01807,"Sánchez Sugía, María Celeste",MORENA,LXVI,0.357037,0.934087
P01808,"Salazar Sáenz, Francisco Javier",PAN,LXIV,0.1816,-0.867325
P01809,"Ortíz Salinas, Luis David",MC,LXVI,-0.740352,-0.626773
P01816,"Botello Montes, José Alfredo",PAN,LXVI,0.404154,-0.800511
P01817,"González Delgadillo, Jesús Horacio",PAN,LXIV,0.13772,-0.990471
P01818,"Moo Cahuich, Arturo del Carmen",MORENA,LXVI,0.08926,0.795376
P01819,"Solórzano Fraga, José Alfonso Pascual",MORENA,LXIV,-0.060203,0.841454
P01820,"Villarreal Zavala, Audelia Esthela",PAN,LXIV,0.21739,-0.976085
P01825,"Pérez Flores, Checo",MORENA,LXVI,-0.1244,0.607231
P01826,"Elenes Angulo, Raúl de Jesús",MORENA,LXVI,0.100113,0.755755
P01827,"Galindo Quiñones, Heriberto Manuel",PRI,LXIV,-0.133007,-0.563749
P01829,"Sandoval Urban, Evelia",MORENA,LXIV,-0.060214,0.841424
P01830,"Trejo Pureco, Marco",MORENA,LXIV,0.114458,-0.383104
P01831,"Gaitán Díaz, María Graciela",PVEM,LXVI,0.006956,0.61759
P01832,"López Hernández, Ruth Alejandra",MC,LXVI,-0.691784,-0.686932
P01838,"López García, María Marena",MORENA,LXIV,-0.06016,0.841413
P01839,"Martínez Cárdenas, Laura Susana",PAN,LXIV,0.200638,-0.956307
P01870,"Cervantes Rojas, Elí César Eduardo",MORENA,LXVI,-0.217097,0.71962
P01871,"Cravioto Romero, César Arnulfo",MORENA,LXVI,0.499135,0.779054
P01885,"Espino de la Peña, Rafael",MORENA,LXVI,-0.424512,0.478236
P01886,"Rojas Loreto, Estrella",PAN,LXVI,0.475088,-0.829127
P02377,"Vázquez Saut, Judith Fabiola",MORENA,LXVI,0.024114,0.580604
P02381,"Gómez Hernández, Adolfo",MORENA,LXVI,0.217173,0.786737
P02382,"Jiménez Arteaga, Rosa Elena",MORENA,LXVI,0.188882,0.774371
P02383,"López Vargas, Faustino",MORENA,LXVI,-0.023508,0.838278
P02384,"Rojas Mancera, Navor Alberto",MORENA,LXVI,0.136563,0.70347
P02387,"López Gómez, Gabriela",MORENA,LXVI,0.054485,0.825125
P02388,"Márquez Valdivia, Rogelio",MORENA,LXVI,0.050198,0.825429
P02389,"Jurado Valadez, Adriana Guadalupe",PAN,LXVI,-0.087488,-0.996164
P02391,"Larios Esparza, Juan Francisco",PAN,LXVI,0.355069,-0.8073
P02414,"Flores Hurtado, Reyes",MORENA,LXVI,0.241867,0.779682
P02415,"Gómez Leal, José Ramón",MORENA,LXVI,0.092185,0.538944
P02447,"Rojas Díaz Durán, Alejandro",MORENA,LXVI,-0.006626,-0.19049
P02450,"Ballesteros Mancilla, Laura Iraís",MC,LXVI,-0.317366,-0.697083
P02452,"Tamayo Herrera, Yadhira Yvette",PAN,LXVI,0.15238,-0.910188
P02453,"Aguilar Castillejos, José Antonio",MORENA,LXVI,0.088222,0.996101
P02455,"Holguín Franco, Omar",MORENA,LXVI,0.26365,0.150382
P02459,"López Carreto, Indira Paola",MORENA,LXVI,0.342829,0.450533
P02460,"Hernández Fernández, Maura",MORENA,LXVI,0.307084,0.494199
P02461,"Peña Ocampo, Leticia",MORENA,LXVI,0.306315,0.48032
P02484,"Aguilar Castillo, Heriberto Marcelo",MORENA,LXVI,-0.245617,0.280071
P02485,"Anaya Cortés, Ricardo",PAN,LXVI,0.106191,-0.898663
P02486,"Anaya Gutiérrez, Alberto",PT,LXVI,-0.029854,-0.380035
P02487,"Angulo Briceño, Pablo Guillermo",PRI,LXVI,0.588305,-0.641416
P02488,"Arias Trevilla, Alejandra Berenice",MORENA,LXVI,-0.240777,0.356673
P02489,"Ascencio Ortega, Reyna Celeste",MORENA,LXVI,-0.231757,0.337328
P02490,"Ávalos Zempoalteca, Anabell",PRI,LXVI,0.490372,-0.576039
P02491,"Ayala Robles, Armando",MORENA,LXVI,-0.240807,0.360204
P02492,"Barrales Magdaleno, Alejandra",MC,LXVI,-0.440743,-0.867867
P02493,"Barreda Pavón, Francisco Daniel",MC,LXVI,-0.341095,-0.828769
P02494,"Bugarín, Jasmine María",PVEM,LXVI,-0.231732,0.337252
P02495,"Camarillo Medina, Néstor",PRI,LXVI,0.282133,-0.569914
P02496,"Campuzano González, Gina Gerardina",PAN,LXVI,0.005276,-0.999985
P02497,"Castillo Juárez, Laura Itzel",MORENA,LXVI,-0.240767,0.356625
P02498,"Cepeda Salas, Alfonso",MORENA,LXVI,-0.245586,0.280742
P02499,"Chávez Treviño, Andrea",MORENA,LXVI,-0.240762,0.356647
P02500,"Colosio Riojas, Luis Donaldo",MC,LXVI,-0.527625,-0.849475
P02501,"Corona Nakamura, María del Rocío",PVEM,LXVI,-0.240755,0.356627
P02502,"Cortés García, Luisa",MORENA,LXVI,-0.240752,0.356621
P02503,"Cortés Mendoza, Marko",PAN,LXVI,0.202595,-0.853487
P02504,"Cruz Castellanos, José Manuel",MORENA,LXVI,-0.231756,0.337324
P02505,"Davis Castro, Homero",MORENA,LXVI,-0.23175,0.33731
P02506,"Díaz Delgado, Blanca Judith",MORENA,LXVI,-0.240755,0.356614
P02507,"Díaz Marmolejo, María de Jesús",PAN,LXVI,-0.134827,-0.990869
P02508,"Díaz Robles, Verónica",MORENA,LXVI,-0.240783,0.356676
P02509,"Dorantes Lámbarri, Agustín",PAN,LXVI,-0.060546,-0.902607
P02510,"Esquer Verdugo, Alejandro",MORENA,LXVI,-0.237468,0.363938
P02511,"Esquivel Torres, Laura",PAN,LXVI,0.202573,-0.853856
P02512,"Estrada Mauro, Laura",MORENA,LXVI,-0.231735,0.337248
P02513,"Fernández González, Waldo",PVEM,LXVI,-0.240777,0.356665
P02514,"Fernández Noroña, Gerardo",MORENA,LXVI,-0.231749,0.337309
P02516,"García Medina, Amalia Dolores",MC,LXVI,-0.455082,-0.88044
P02518,"González Hernández, Alma Anahí",MORENA,LXVI,-0.173835,0.237325
P02519,"González Márquez, Michel",PAN,LXVI,0.116959,-0.895315
P02520,"González Silva, Ruth",PVEM,LXVI,0.244383,0.969678
P02521,"Guadiana Mandujano, Cecilia Guadalupe",MORENA,LXVI,0.022129,0.999754
P02522,"Guerra Mena, Juanita",PVEM,LXVI,-0.240776,0.356631
P02523,"Gutiérrez Escalante, Mariela",MORENA,LXVI,-0.210611,0.529806
P02524,"Hernández Aceves, Ana Karen",PT,LXVI,-0.036106,-0.372718
P02526,"Hernández Villafuerte, Gilberto",PVEM,LXVI,0.041317,0.999145
P02527,"Herrera Dagdug, José Sabino",MORENA,LXVI,-0.240777,0.356702
P02528,"Huerta Ladrón de Guevara, Manuel",MORENA,LXVI,-0.240783,0.356676
P02529,"Inzunza Cázarez, Enrique",MORENA,LXVI,-0.240759,0.356631
P02530,"Jarero Velázquez, Miguel Pavel",MORENA,LXVI,-0.240773,0.356686
P02531,"Kantún Can, María Martina",MORENA,LXVI,-0.240753,0.356614
P02532,"Loera de la Rosa, Juan Carlos",MORENA,LXVI,-0.240778,0.356676
P02533,"Lomelí Bolaños, Carlos",MORENA,LXVI,-0.240821,0.360227
P02534,"López Castro, Cynthia Iliana",MORENA,LXVI,-0.539405,-0.625011
P02535,"López Hernández, Edith",MORENA,LXVI,-0.240763,0.356634
P02536,"Magaña Fonseca, Virginia",PVEM,LXVI,-0.240776,0.356629
P02537,"Márquez Márquez, Miguel",PAN,LXVI,0.032402,-0.90017
P02538,"Mendoza Amezcua, Virgilio",PVEM,LXVI,-0.245606,0.280062
P02539,"Mercado Salgado, Víctor",MORENA,LXVI,-0.240774,0.35669
P02540,"Mier Velazco, Ignacio",MORENA,LXVI,-0.240825,0.360266
P02541,"Mojica Morga, Beatriz",MORENA,LXVI,-0.231758,0.337335
P02542,"Morales Toledo, Antonino",MORENA,LXVI,-0.237456,0.363902
P02543,"Moreno Cárdenas, Alejandro",PRI,LXVI,0.486209,-0.575012
P02544,"Ochoa Fernández, Cuauhtémoc",MORENA,LXVI,-0.237454,0.363908
P02545,"Olvera Bautista, Simey",MORENA,LXVI,-0.256219,0.420947
P02546,"Polevnsky Gurwitz, Yeidckol",PT,LXVI,-0.040294,-0.3867
P02547,"Ramírez Acuña, Francisco Javier",PAN,LXVI,0.144957,-0.845992
P02548,"Ramírez Padilla, Julieta",MORENA,LXVI,-0.231736,0.337259
P02549,"Reyes Hernández, Ivideliza",PAN,LXVI,0.043668,-0.918291
P02550,"Robles Gutiérrez, Beatriz Silvia",MORENA,LXVI,-0.240776,0.356666
P02551,"Rodríguez Hernández, Verónica",PAN,LXVI,0.004777,-0.999989
P02552,"Ruiz Ruiz, Karina Isabel",MORENA,LXVI,-0.24078,0.356701
P02553,"Ruíz Sandoval, Cristina",PRI,LXVI,0.385043,-0.553851
P02554,"Ruvalcaba Gámez, Nora",MORENA,LXVI,-0.240778,0.356685
P02555,"Sánchez García, Lizeth",PT,LXVI,-0.044722,-0.383423
P02556,"Sánchez Ramos, Paloma",PRI,LXVI,0.491586,-0.57616
P02557,"Sánchez Vásquez, Gustavo",PAN,LXVI,0.144495,-0.857951
P02558,"Sanmiguel Sánchez, Imelda",PAN,LXVI,0.122451,-0.882891
P02559,"Saucedo Reyes, Araceli",MORENA,LXVI,-0.231753,0.337308
P02560,"Segura Vázquez, Eugenio",MORENA,LXVI,-0.240775,0.356695
P02561,"Sheffield Padilla, Francisco Ricardo",MORENA,LXVI,-0.298162,0.369845
P02562,"Sosa Ruíz, Olga Patricia",MORENA,LXVI,-0.231752,0.337305
P02563,"Tello Espinosa, Claudia",MORENA,LXVI,-0.003144,0.810135
P02564,"Toledo Zamora, Karla Guadalupe",PRI,LXVI,0.548125,-0.606096
P02565,"Valles Sampedro, Lorenia Iveth",MORENA,LXVI,-0.184515,0.202285
P02566,"Vargas Del Villar, Enrique",PAN,LXVI,0.153845,-0.809845
P02567,"Vázquez Robles, Mario Humberto",PAN,LXVI,-0.124658,-0.992199
P02568,"Viggiano Austria, Carolina",PRI,LXVI,0.613526,-0.614333
P02569,"Vila Dosal, Mauricio",PAN,LXVI,-0.247407,-0.948758
P02570,"Yunes Márquez, Miguel Ángel",MORENA,LXVI,-0.884216,0.467078
P02571,"Zapata Bello, Rolando Rodrigo",PRI,LXVI,0.496055,-0.589668
P02572,"Zatarain García, Susana",PAN,LXVI,0.00151,-0.999999
P02573,"Bañuelos De La Torre, Geovanna",PT,LXVI,-0.033749,-0.383402
P02574,"Monreal Ávila, Saúl",MORENA,LXVI,-0.173164,0.235734
P02575,"Silva Romo, Luis Alfonso",PVEM,LXVI,-0.231725,0.33724
P02576,"Murat Hinojosa, Alejandro",MORENA,LXVI,-0.245618,0.279873
P02579,"Reyes Carmona, Emmanuel",MORENA,LXVI,0.20231,0.979319
P02580,"Beltrones Rivera, Manlio Fabio",MORENA,LXVI,0.151203,-0.80911
P02581,"Riquelme Solís, Miguel Ángel",PRI,LXVI,0.453015,-0.585622
P02585,"Castrejón Trujillo, Karen",PVEM,LXVI,-0.237339,0.372262
P02586,"Chavira De La Rosa, María Guadalupe",MORENA,LXVI,-0.231736,0.337246
P02587,"Chíguil Figueroa, Francisco",MORENA,LXVI,-0.240752,0.356617
P02590,"Ortiz Hernández, Tabita",MC,LXVI,-0.172073,-0.630734
P02595,"Arriaga Márquez, Bertha Estela",PAN,LXVI,0.191269,-0.889747
P02598,"Bonilla Herrera, Raquel",MORENA,LXVI,-0.773025,0.634376
P02599,"Evangelista Aniceto, Carlos Alberto",MORENA,LXVI,-0.750343,0.661049
P02602,"Pérez Pérez, Francisco Arturo",MORENA,LXVI,-0.177899,0.246753
P02603,"Gutiérrez Santoyo, María Luisa",MORENA,LXVI,-0.102073,0.551102
P02610,"Falcón Venegas, Sandra Luz",MORENA,LXVI,-0.234371,0.235261
P02681,"Dip. Aguilar Gil, Lilia",PT,LXVI,-0.829418,0.529875
P02682,"Dip. Álvarez Nemer, Mónica Angélica",MORENA,LXVI,-0.829418,0.529875
P02684,"Dip. Fernández Samaniego, José Armando",MORENA,LXVI,-0.949169,0.314766
P02685,"Dip. Gómez Maldonado, Maiella Martha Gabriela",MORENA,LXVI,-0.829418,0.529875
P02687,"Dip. Miranda Barrera, Luis Enrique",PVEM,LXVI,-0.949169,0.314766
P02691,"Dip. Valdés Peña, Jesús",MORENA,LXVI,-0.829418,0.529875
P02695,"Novoa Toscano, David",PAN,LXVI,0.031951,-0.999485
P02696,"Sobrino Argaez, Carlos Hernando",PRI,LXVI,0.492302,-0.867812
P02721,"Jaimes Archundia, Erik Iván",MORENA,LXVI,-0.605918,-0.795527
P02723,"Bolaños Azocar, Raymundo",PAN,LXVI,0.08729,-0.952091
P02724,"García Gordillo, Edna Geraldina",PRI,LXVI,0.493102,-0.867739
