#,Diputadas,Entidad,Distrito / Circunscripción
1,Abramo Masso Yerico,Coahuila,LXVI
2,Aguilar López José Alejandro,Tlaxcala,LXVI
3,Aguirre Gallardo José Javier,Guanajuato,LXVI
4,Alatriste Cantú Adolfo,Puebla,LXVI
5,Albores Gleason Roberto Armando,Chiapas,LXVI
6,Aldana Navarro Luis Humberto,Quintana Roo,LXVI
7,Alegría Gómez José Miguel,Chiapas,LXVI
8,Alonso Gutiérrez Agustín,Morelos,LXVI
9,Alonso Que Erubiel Lorenzo,Tabasco,LXVI
10,Alonso Reyes Miguel Alejandro,Zacatecas,LXVI
11,Álvarez López Jesús Emiliano,Ciudad de México,LXVI
12,Álvarez Villaseñor Raúl,Jalisco,LXVI
13,Ambriz Delgadillo Humberto,Aguascalientes,LXVI
14,Anaya Llamas José Guillermo,Coahuila,LXVI
15,Andrade Zurutuza Daniel,Hidalgo,LXVI
16,Antonio Altamirano Carol,Oaxaca,LXVI
17,Asaf Manjarrez Daniel,Ciudad de México,LXVI
18,Astudillo Suárez Ricardo,Querétaro,LXVI
19,Ávila Anaya Francisco Arturo Federico,Aguascalientes,LXVI
20,Ávila Villegas Eruviel,Estado de México,LXVI
21,Avilés Álvarez Alejandro,Oaxaca,LXVI
22,Azuara Zúñiga David,San Luis Potosí,LXVI
23,Baldenebro Arredondo Manuel de Jesús,Sonora,LXVI
24,Bautista Bravo Juan Angel,Estado de México,LXVI
25,Bautista Villegas Oscar,San Luis Potosí,LXVI
26,Benavides Castañeda José Alberto,Ciudad de México,LXVI
27,Betanzos Cortes Israel,Ciudad de México,LXVI
28,Blancas Mercado Bruno,Jalisco,LXVI
29,Blanco Bravo Cuauhtémoc,Ciudad de México,LXVI
30,Bolaños-Cacho Cué Raúl,Oaxaca,LXVI
31,Borboa Becerra Omar Antonio,Jalisco,LXVI
32,Borrego Adame Francisco Javier,Coahuila,LXVI
33,Braña Mojica José,Tamaulipas,LXVI
34,Brito Zapata Oscar Iván,Yucatán,LXVI
35,Caamal Cocom Venustiano,Yucatán,LXVI
36,Cabada Alvidrez Hector Armando,Chihuahua,LXVI
37,Calderón Díaz Alejandro,Guanajuato,LXVI
38,Calzada Mercado Mario,Querétaro,LXVI
39,Campos Plancarte Daniel,Ciudad de México,LXVI
40,Cantú Ramírez Andrés Mauricio,Nuevo León,LXVI
41,Canturosas Villarreal Carlos Enrique,Tamaulipas,LXVI
42,Carrillo Cubillas Mario Miguel,Puebla,LXVI
43,Carrillo Soberanis Juan Luis,Quintana Roo,LXVI
44,Carvajal Hidalgo Alejandro,Puebla,LXVI
45,Castellanos Polanco Favio,Jalisco,LXVI
46,Castillo García Gilberto Daniel,Jalisco,LXVI
47,Castillo López Eduardo,Puebla,LXVI
48,Castillo Morales Francisco Adrián,San Luis Potosí,LXVI
49,Castillo Pérez Carlos Alonso,Ciudad de México,LXVI
50,Castro Bello Christian Mishel,Campeche,LXVI
51,Castro Trenti Fernando Jorge,Baja California,LXVI
52,Castro Villarreal Antonio Lorenzo,Coahuila,LXVI
53,Chávez Velázquez Noel,Chihuahua,LXVI
54,Chimal García Fidel Daniel,Ciudad de México,LXVI
55,Corona Arvizu Armando,Estado de México,LXVI
56,Corral Ordóñez Jesús Roberto,Chihuahua,LXVI
57,Cortés Mendoza David Alejandro,Michoacán,LXVI
58,Coss y León Zúñiga Humberto,Veracruz,LXVI
59,Cota Cárdenas Manuel Alejandro,Baja California Sur,LXVI
60,Crespo Arroyo Ricardo,Hidalgo,LXVI
61,Cruz Lucatero José Luis,Michoacán,LXVI
62,Cruz Mendoza Carmelo,Oaxaca,LXVI
63,Cuanalo Araujo Jesús Martín,Estado de México,LXVI
64,Damián Retes César Israel,Baja California,LXVI
65,De Hoyos Walther Gustavo Adolfo,Baja California,LXVI
66,de la Garza Villarreal Héctor Alfonso,Nuevo León,LXVI
67,De La Mora Torreblanca Marco Antonio,Guerrero,LXVI
68,Delgado Carrillo Felipe Miguel,Ciudad de México,LXVI
69,Díaz Luis Armando,Baja California Sur,LXVI
70,Domínguez Domínguez César Alejandro,Chihuahua,LXVI
71,Domínguez Rodríguez Roberto Ángel,Estado de México,LXVI
72,Döring Casar Federico,Ciudad de México,LXVI
73,Durán Reveles José Luis,Estado de México,LXVI
74,Ebrard Lestrade Sebastián,Estado de México,LXVI
75,Escobar García Zenyazen Roberto,Veracruz,LXVI
76,Espino Barrientos Manuel de Jesús,Durango,LXVI
77,Espinosa Ramos Francisco Amadeo,Chiapas,LXVI
78,Espinoza Eguía Juan Francisco,Nuevo León,LXVI
79,Estrada Domínguez Francisco Javier,Guanajuato,LXVI
80,Farias Bailon Francisco Javier,Campeche,LXVI
81,Fernández Fuentes Luis Humberto,Querétaro,LXVI
82,Fernández Martínez José Luis,San Luis Potosí,LXVI
83,Fernández Samaniego José Armando,Baja California,LXVI
84,Flores Bustamante Juan Ángel,Morelos,LXVI
85,Flores Cervantes Hugo Eric,Baja California,LXVI
86,Flores Robles Ramón Angel,Sonora,LXVI
87,Gali López José Antonio,Puebla,LXVI
88,Gallardo García Fausto,Baja California,LXVI
89,Gallardo Juárez Ricardo,San Luis Potosí,LXVI
90,Gaona Domínguez Eduardo,Nuevo León,LXVI
91,Garcés Medina Edén,Ciudad de México,LXVI
92,García Hernández Gabriel,Ciudad de México,LXVI
93,García Hernández Jesús Fernando,Sinaloa,LXVI
94,Gil Rullán Sergio,Veracruz,LXVI
95,Gloria López José,Nuevo León,LXVI
96,Godoy Rangel Leonel,Michoacán,LXVI
97,Gómez Alarcón Amarante Gonzalo,Jalisco,LXVI
98,Gómez Villalobos Tecutli José Guadalupe,Jalisco,LXVI
99,González Hernández Juan Antonio,Puebla,LXVI
100,González Naveda Adrián,Veracruz,LXVI
101,González Soto Santiago,Nuevo León,LXVI
102,Guerrero Pérez Eleazar,Veracruz,LXVI
103,Guevara Garza Carlos Alberto,Nuevo León,LXVI
104,Guevara Rodríguez Miguel Ángel,Ciudad de México,LXVI
105,Guízar Macías Francisco Javier,Jalisco,LXVI
106,Gutiérrez Arroyo Hugo Eduardo,Estado de México,LXVI
107,Gutiérrez Bocanegra Julio Ernesto,Tabasco,LXVI
108,Gutiérrez Luna Sergio Carlos,Veracruz,LXVI
109,Gutiérrez Mancilla Carlos Eduardo,Ciudad de México,LXVI
110,Haces Barba Pedro Miguel,Ciudad de México,LXVI
111,Hernández Cerón Asael,Hidalgo,LXVI
112,Hernández Mirón Carlos,Ciudad de México,LXVI
113,Hernández Pérez César Agustín,Estado de México,LXVI
114,Hernández Pérez José Luis,Estado de México,LXVI
115,Hernández Ríos Severiano Roberto,Chihuahua,LXVI
116,Hernández Tapia Arturo Roberto,Estado de México,LXVI
117,Herrera Borunda Javier Octavio,Veracruz,LXVI
118,Herrera Ruiz Gilberto,Querétaro,LXVI
119,Herrera Solórzano Gilberto,Baja California,LXVI
120,Hinojosa Pérez José Manuel,Michoacán,LXVI
121,Ibarra Ramos Jesús Alfonso,Sinaloa,LXVI
122,Iñiguez Franco José Mario,Jalisco,LXVI
123,Jesús Jiménez J.,.,LXVI
124,Kalionchiz De la Fuente Theodoros,Coahuila,LXVI
125,Lara Calderón Emilio,Campeche,LXVI
126,Lastra Bastar Jaime Humberto,Tabasco,LXVI
127,Lixa Abimerhi José Elías,Yucatán,LXVI
128,Lobo Román Víctor Hugo,Ciudad de México,LXVI
129,López Hernández Mario Alberto,Tamaulipas,LXVI
130,López Ruíz José Antonio,Puebla,LXVI
131,López Sánchez José Alejandro,Oaxaca,LXVI
132,López Vela Jaime Genaro,Ciudad de México,LXVI
133,Lozoya Santillán Jorge Alfredo,Chihuahua,LXVI
134,Luna Vázquez Hugo Manuel,Jalisco,LXVI
135,Madrazo Silva Carlos Arturo,Ciudad de México,LXVI
136,Madrid Pérez Ricardo,Ciudad de México,LXVI
137,Maldonado Chavarín Alberto,Jalisco,LXVI
138,Manzanilla Téllez Emilio,Estado de México,LXVI
139,Marin Rangel Ivan,Estado de México,LXVI
140,Márquez Becerra Alan Sahir,Guanajuato,LXVI
141,Martínez Cázares Germán,Michoacán,LXVI
142,Martínez López Paulo Gonzalo,Aguascalientes,LXVI
143,Martínez Terrazas Víctor Adrián,Morelos,LXVI
144,Martínez Ventura Luis Enrique,Estado de México,LXVI
145,Mayer Bretón Sergio,Ciudad de México,LXVI
146,Mejía Berdeja Ricardo Sóstenes,Coahuila,LXVI
147,Mejía Haro Ulises,Zacatecas,LXVI
148,Mejía Méndez Roberto,Ciudad de México,LXVI
149,Meléndez Ortega Juan Antonio,Chihuahua,LXVI
150,Mendoza Arce Fernando,Estado de México,LXVI
151,Mendoza Ruiz Jacobo,Sonora,LXVI
152,Mier Acolt Jorge Alberto,Veracruz,LXVI
153,Mier Bañuelos Carlos Ignacio,Puebla,LXVI
154,Millán Contreras Iván,Estado de México,LXVI
155,Miranda Barrera Luis Enrique,Estado de México,LXVI
156,Monraz Ibarra Miguel Angel,Jalisco,LXVI
157,Monreal Ávila Ricardo,Zacatecas,LXVI
158,Montalvo Luna José Luis,Estado de México,LXVI
159,Morales Mendoza Gabino,San Luis Potosí,LXVI
160,Morán Sánchez Leoncio Alfonso,Colima,LXVI
161,Moreira Valdez Rubén Ignacio,Coahuila,LXVI
162,Moreno de Haro Juan,Durango,LXVI
163,Moreno Hernández Brígido Ramiro,Coahuila,LXVI
164,Moreno Rivera Julio César,Ciudad de México,LXVI
165,Nader Nasrallah Jesús Antonio,Tamaulipas,LXVI
166,Narro Céspedes José,Nuevo León,LXVI
167,Niño de Rivera Vela Homero Ricardo,Nuevo León,LXVI
168,Núñez Aguilar Ernesto,Michoacán,LXVI
169,Olivares Cerda Arturo,Ciudad de México,LXVI
170,Olivares Mejía Gerardo,Guerrero,LXVI
171,Oliver Cen Luis Arturo,Yucatán,LXVI
172,Ortiz Rodríguez Jorge Armando,Nayarit,LXVI
173,Oseguera Kernion Adrián,Tamaulipas,LXVI
174,Palacios Rodríguez Carlos Ventura,Jalisco,LXVI
175,Palma César Víctor Samuel,Morelos,LXVI
176,Pedroza Jiménez Héctor,Estado de México,LXVI
177,Pelayo Covarrubias Francisco,Baja California,LXVI
178,Peña Vidal Iván,Tabasco,LXVI
179,Peña Villa José Alejandro,Estado de México,LXVI
180,Perea Cruz Jesús Irugami,Ciudad de México,LXVI
181,Pérez Bernabe Jaime Humberto,Veracruz,LXVI
182,Pérez Cuéllar Alejandro,Chihuahua,LXVI
183,Pérez Díaz Víctor Manuel,Nuevo León,LXVI
184,Pérez Gabino Gildardo,Estado de México,LXVI
185,Polanco Morales Aniceto,Guerrero,LXVI
186,Prieto Gallardo Ernesto Alejandro,Guanajuato,LXVI
187,Puente Salas Carlos Alberto,Zacatecas,LXVI
188,Puertos Chimalhua Jonathan,Veracruz,LXVI
189,Pujol Irastorza Jesús Antonio,Sonora,LXVI
190,Quiroga Treviño Luis Orlando,Nuevo León,LXVI
191,Ramírez Barba Éctor Jaime,Guanajuato,LXVI
192,Ramírez Cuéllar Alfonso,Zacatecas,LXVI
193,Ramírez Guzmán Emilio Ramón,Chiapas,LXVI
194,Ramírez Ramos Antonio de Jesús,Jalisco,LXVI
195,Ramírez Reyes Gibrán,Ciudad de México,LXVI
196,Rementería Del Puerto Julen,Veracruz,LXVI
197,Rendón García César Augusto,Tamaulipas,LXVI
198,Rendón Gómez Juan Guillermo,Ciudad de México,LXVI
199,Rodríguez Barroso Diego Angel,Guanajuato,LXVI
200,Rodríguez Torres Luis Agustín,Sonora,LXVI
201,Rubalcava Jiménez José Alfonso,Aguascalientes,LXVI
202,Ruiz Hernández Juan Armando,Estado de México,LXVI
203,Salim Alle Miguel Ángel,Guanajuato,LXVI
204,Sánchez Barrios Carlos,Guerrero,LXVI
205,Sánchez Cervantes Francisco Javier,Ciudad de México,LXVI
206,Sánchez González José Luis,Jalisco,LXVI
207,Sánchez Reyes Jorge Luis,Yucatán,LXVI
208,Sánchez Rivera Miguel Ángel,Nuevo León,LXVI
209,Sánchez Rodríguez Ernesto,Quintana Roo,LXVI
210,Sánchez Sánchez Luis Gerardo,Guanajuato,LXVI
211,Sandoval Flores Reginaldo,Michoacán,LXVI
212,Santiago Pineda Wblester,Estado de México,LXVI
213,Santiago Rodríguez Guillermo Rafael,Chiapas,LXVI
214,Scherer Pareyón Julio Javier,Oaxaca,LXVI
215,Sibaja Mendoza Aciel,Oaxaca,LXVI
216,Sosa Pichardo Roberto,Querétaro,LXVI
217,Suárez Licona Emilio,Ciudad de México,LXVI
218,Taja Ramírez Javier,Guerrero,LXVI
219,Tejeda Cid Armando,Michoacán,LXVI
220,Téllez Hernández Héctor Saúl,Ciudad de México,LXVI
221,Téllez Marín José Luis,Michoacán,LXVI
222,Torres Cofiño Marcelo de Jesús,Coahuila,LXVI
223,Torres Graciano Fernando,Guanajuato,LXVI
224,Ulloa Pérez Gerardo,Estado de México,LXVI
225,Valdés Peña Jesús,Ciudad de México,LXVI
226,Valladares Eichelmann Juan Carlos,San Luis Potosí,LXVI
227,Varela Domínguez Juan Carlos,Estado de México,LXVI
228,Vargas Ochoa Alfonso Armando Vidales,.,LXVI
229,Vázquez Ahued Pablo,Jalisco,LXVI
230,Vazquez Arellano Manuel,Guerrero,LXVI
231,Vázquez Calixto Javier,Hidalgo,LXVI
232,Vázquez Conchas Raymundo,Tlaxcala,LXVI
233,Vázquez González Pedro,Ciudad de México,LXVI
234,Vázquez Jiménez Alonso de Jesús,Jalisco,LXVI
235,Vázquez Navarro Enrique,Quintana Roo,LXVI
236,Vázquez Vázquez Alfredo,Chiapas,LXVI
237,Velázquez Vallejo Francisco Javier,Veracruz,LXVI
238,Verástegui Ostos César Augusto,Tamaulipas,LXVI
239,Vilchis Contreras Luis Fernando,Estado de México,LXVI
240,Villarreal Solis Gerardo,Durango,LXVI
241,Villatoro Osorio Jorge Luis,Chiapas,LXVI
242,Villegas García Isidro Enrique,Veracruz,LXVI
243,Yañez Cuellar Arturo,Durango,LXVI
244,Zamora Gastélum Mario,Sinaloa,LXVI
245,Zavala Gutiérrez Juan Ignacio,Ciudad de México,LXVI
246,Zebadúa Alva Joaquín,Chiapas,LXVI
247,Zenteno Santaella Pedro Mario,Estado de México,LXVI
1,Abramo Masso Yerico,Coahuila,LXV
2,Aceves Sánchez Erandi Alejandro,Guanajuato,LXV
3,Acosta Peña Brasil Alberto,Estado de México,LXV
4,Aguilar Castillo Ricardo,Estado de México,LXV
5,Aguilar Coronado Marco Humberto,Puebla,LXV
6,Aguilar López José Alejandro,Tlaxcala,LXV
7,Aguilar Piña Kevin Angelo,San Luis Potosí,LXV
8,Alcántar Ortega Salvador,Chihuahua,LXV
9,Alcántara Martínez Leobardo,Sinaloa,LXV
10,Almaraz Smer Oscar de Jesús,Tamaulipas,LXV
11,Almendariz Puppo Marco Antonio,Baja California Sur,LXV
12,Ambrocio Gachuz José Guadalupe,Morelos,LXV
13,Anaya Gutiérrez Alberto,Nuevo León,LXV
14,Angulo Briceño Pablo Guillermo,Campeche,LXV
15,Antonio Altamirano Carol,Oaxaca,LXV
16,Armentía López Pedro,Campeche,LXV
17,Arriaga Rojas Justino Eugenio,Guanajuato,LXV
18,Atanacio Luna Raymundo,Puebla,LXV
19,Aysa Damas Carlos Miguel,Campeche,LXV
20,Azuara Zúñiga Xavier,San Luis Potosí,LXV
21,Báez Guerrero José Luis,Querétaro,LXV
22,Baldenebro Arredondo Manuel de Jesus,Sonora,LXV
23,Baltierra García Jaime,Puebla,LXV
24,Barboza Llamas Maximiano,Jalisco,LXV
25,Barrera Sepúlveda Sergio,Jalisco,LXV
26,Barrera Toledo Jorge Alberto,Morelos,LXV
27,Basave Alanís Agustín Carlos,Nuevo León,LXV
28,Batun Chulim Wilbert Alberto,Quintana Roo,LXV
29,Bautista Bravo Juan Angel,Estado de México,LXV
30,Bautista Hernández Esteban,Veracruz,LXV
31,Bertín Sandoval Juan Isaías,Baja California,LXV
32,Blancas Mercado Bruno,Jalisco,LXV
33,Borrego Adame Francisco Javier,Coahuila,LXV
34,Briano Borunda Jesús Roberto,Chihuahua,LXV
35,Brito Mazariegos Ismael,Chiapas,LXV
36,Bueno Zertuche Jaime,Coahuila,LXV
37,Buenrostro Martínez José Guadalupe,Jalisco,LXV
38,Cabada Alvidrez Hector Armando,Chihuahua,LXV
39,Cantón Zetina Óscar,Tabasco,LXV
40,Cantú Ramírez Andrés Mauricio (LICENCIA),Nuevo León,LXV
41,Cárdenas Monroy Oscar Gustavo,Estado de México,LXV
42,Caro Cabrera Salvador,Jalisco,LXV
43,Carrillo Cubillas Mario Miguel,Puebla,LXV
44,Carrillo Soberanis Juan Luis,Quintana Roo,LXV
45,Carvajal Hidalgo Alejandro,Puebla,LXV
46,Casique Zárate Javier,Estado de México,LXV
47,Castañeda González Omar Enrique,Durango,LXV
48,Castañeda Navarrete Marcelino,Ciudad de México,LXV
49,Castellanos Polanco Favio,Guanajuato,LXV
50,Castellanos Ramírez Alan,Estado de México,LXV
51,Castrellón Garza Francisco Javier,Durango,LXV
52,Castro Narváez Marco Antonio,Tamaulipas,LXV
53,Chalé Cauich Sergio Enrrique,Yucatán,LXV
54,Chapman Moreno Manuel Guillermo,Sinaloa,LXV
55,Chávez Ruiz Héctor,Hidalgo,LXV
56,Cifuentes Negrete Román,Guanajuato,LXV
57,Compeán Fernández Eliseo,Chihuahua,LXV
58,Constantino Magaña Esteban Rafael,Michoacán,LXV
59,Contreras Castillo Armando,Oaxaca,LXV
60,Corona Arvizu Armando,Estado de México,LXV
61,De la Cruz Lima José Miguel,Estado de México,LXV
62,de la Garza Garza Arturo Bonifacio,Nuevo León,LXV
63,Domínguez Escobar Angel,Oaxaca,LXV
64,Domínguez Rodríguez Roberto Ángel,Estado de México,LXV
65,Elorza Flores José Luis,Chiapas,LXV
66,Espadas Galván Jorge Arturo,Guanajuato,LXV
67,Espinosa Cházaro Luis Angel Xariel,Ciudad de México,LXV
68,Espinosa Ramos Francisco Amadeo,Chiapas,LXV
69,Espinoza Eguia Juan Francisco,Nuevo León,LXV
70,Estefan Gillessen José Antonio,Oaxaca,LXV
71,Favela Peñuñuri Francisco,Estado de México,LXV
72,Femat Bañuelos Alfredo,Zacatecas,LXV
73,Fernández Castillo Horacio,Jalisco,LXV
74,Fernández Hernández Shamir,Coahuila,LXV
75,Fernández Noroña José Gerardo Rodolfo,Ciudad de México,LXV
76,Figueroa Reyes René,Estado de México,LXV
77,Fletes Araiza José Guadalupe,Jalisco,LXV
78,Flores Pacheco José Luis,Campeche,LXV
79,Flores Sanchéz Marco Antonio,Zacatecas,LXV
80,Flores Vazquez Martin Alejandro,Nuevo León,LXV
81,Fuentes Ávila Rodrigo,Coahuila,LXV
82,Gallardo García Fausto,Baja California,LXV
83,Gamboa Miner Pablo,Yucatán,LXV
84,García Almaguer Hamlet,Jalisco,LXV
85,García Astorga Carlos Fernando,Nuevo León,LXV
86,García García José Antonio,Estado de México,LXV
87,García Hernández Jesús Fernando,Sinaloa,LXV
88,García Montiel Otoniel,Hidalgo,LXV
89,García Sandoval Zeus,Oaxaca,LXV
90,Garza Marín José Mauro,Jalisco,LXV
91,Garza Ochoa José Luis,Nuevo León,LXV
92,Garza Treviño Pedro,Nuevo León,LXV
93,Godínez del Rio Enrique,Michoacán,LXV
94,Godoy Rangel Leonel,Michoacán,LXV
95,Gómez Betancourt Armando Antonio,Veracruz,LXV
96,Gómez Villanueva Augusto,Ciudad de México,LXV
97,González Aguirre Mariano,Durango,LXV
98,Gonzalez Cruz Alfredo Aurelio,Oaxaca,LXV
99,González Cruz Luis Arturo,Baja California,LXV
100,González Lima Juan,Tamaulipas,LXV
101,González Zepeda Javier,Estado de México,LXV
102,González Zirión Xavier,Ciudad de México,LXV
103,Guajardo Villarreal Ildefonso,Nuevo León,LXV
104,Gudiño Magaña Omar Francisco,Michoacán,LXV
105,Guerrero Márquez Antolín,San Luis Potosí,LXV
106,Guevara Rodríguez Miguel Ángel,Ciudad de México,LXV
107,Gutiérrez Camacho Oscar Eugenio,Ciudad de México,LXV
108,Gutiérrez Gutiérrez Daniel,Oaxaca,LXV
109,Gutiérrez Jardón José Antonio,Coahuila,LXV
110,Gutiérrez Luna Sergio Carlos,Estado de México,LXV
111,Hernández Deras Ismael Alfredo,Durango,LXV
112,Hernández Hernández Saúl,San Luis Potosí,LXV
113,Hernández Pérez César Agustín,Estado de México,LXV
114,Hernández Tapia Arturo Roberto,Estado de México,LXV
115,Hernández Villafuerte Gilberto,San Luis Potosí,LXV
116,Hernández Villalpando Rafael,Veracruz,LXV
117,Hernández Zetina Hiram,Chihuahua,LXV
118,Herrera Vega Manuel Jesús,Jalisco,LXV
119,Huacus Esquivel Francisco Javier,Michoacán,LXV
120,Huerta Jurado Javier,Estado de México,LXV
121,Huerta Ling Guillermo Octavio,Ciudad de México,LXV
122,Inzunza Armas Jorge Ernesto,Estado de México,LXV
123,Iriarte Mercado Carlos,Ciudad de México,LXV
124,Jarero Velázquez Miguel Pavel,Nayarit,LXV
125,Jiménez Aquino Lázaro Cuauhtémoc,Puebla,LXV
126,León García Carlos Alberto,Jalisco,LXV
127,Lixa Abimerhi José Elías,Yucatán,LXV
128,Llergo Latournerie Mario Rafael,Tabasco,LXV
129,López Casarín Javier Joaquín,Ciudad de México,LXV
130,López García Roberto Carlos,Michoacán,LXV
131,López Guadarrama Carlos,Estado de México,LXV
132,López Ochoa Mijares Braulio,Veracruz,LXV
133,Loyola Vera Ignacio,Querétaro,LXV
134,Macías Zambrano Gustavo,Jalisco,LXV
135,Madrazo Limón Carlos,Estado de México,LXV
136,Mares Cossío Héctor Ireneo,Baja California,LXV
137,Marín Díaz Fernando,Ciudad de México,LXV
138,Marín Rodríguez Héctor Jesús,Tamaulipas,LXV
139,Martínez Bravo Luis Alberto,Estado de México,LXV
140,Martinez Lopez Jaime,Michoacán,LXV
141,Martínez López Paulo Gonzalo,Aguascalientes,LXV
142,Martínez Ventura Luis Enrique,Estado de México,LXV
143,Mata Atilano Noel,Aguascalientes,LXV
144,Maturino Manzanera Juan Carlos,Durango,LXV
145,Maya Martínez Hirepan,Michoacán,LXV
146,Medina Filigrana Marcos Rosendo,Tabasco,LXV
147,Medina Ramirez Tereso,Coahuila,LXV
148,Melgar Bravo Luis Armando,Chiapas,LXV
149,Mendoza Bustamante Marco Antonio,Hidalgo,LXV
150,Mier Velazco Moisés Ignacio,Puebla,LXV
151,Moguel Ballado Oscar Octavio,Ciudad de México,LXV
152,Monraz Ibarra Miguel Angel,Jalisco,LXV
153,Moreira Valdez Rubén Ignacio,Coahuila,LXV
154,Moreno Cárdenas Rafael Alejandro,Ciudad de México,LXV
155,Moreno Hernández Brígido Ramiro,Coahuila,LXV
156,Moreno Rivera Julio Cesar,Ciudad de México,LXV
157,Muñoz Álvarez Rubén Gregorio,Baja California Sur,LXV
158,Murat Hinojosa Eduardo Enrique,Morelos,LXV
159,Murguía Lardizábal Daniel,Chihuahua,LXV
160,Nanguyasmu Vicente Roger Celerino,Chiapas,LXV
161,Natale Gutiérrez Marco Antonio,Puebla,LXV
162,Natale López Juan Carlos,Veracruz,LXV
163,Navarro Muñiz Juan Manuel,San Luis Potosí,LXV
164,Noriega Romero Carlos,Coahuila,LXV
165,Ochoa Fernández Cuauhtémoc,Hidalgo,LXV
166,Onofre Vázquez Vicente Alberto,Estado de México,LXV
167,Ortega Fonseca Pedro David,Guanajuato,LXV
168,Ortiz Rodríguez Jorge Armando,Nayarit,LXV
169,Ortiz Tejeda Carlos Francisco,Ciudad de México,LXV
170,Pacheco Marrufo Rommel Aghmed,Yucatán,LXV
171,Palacios Diaz Luis Edgardo,Guerrero,LXV
172,Peñaloza Pérez Pedro Sergio,Guerrero,LXV
173,Peraza Ramírez Mario Xavier,Yucatán,LXV
174,Pérez Bernabe Jaime Humberto,Veracruz,LXV
175,Pérez Garibay Marco Antonio,Jalisco,LXV
176,Pérez Hernández Carlos Augusto,Tlaxcala,LXV
177,Pérez Navarrete Miguel Ángel,Hidalgo,LXV
178,Pintos Caballero Andrés,Nuevo León,LXV
179,Porras Domínguez Alfredo,Baja California Sur,LXV
180,Prado de los Santos Miguel,Estado de México,LXV
181,Prieto Gómez Mauricio,Michoacán,LXV
182,Puente Salas Carlos Alberto,Zacatecas,LXV
183,Quadri de la Torre Gabriel Ricardo,Ciudad de México,LXV
184,Ramírez Barba Éctor Jaime,Guanajuato,LXV
185,Ramírez Ortiz Abel,Veracruz,LXV
186,Rendon Garcia Cesar Augusto,Tamaulipas,LXV
187,Reyes Carmona Emmanuel,Guanajuato,LXV
188,Reyes Ledesma Armando,Baja California,LXV
189,Riestra Piña Mario Gerardo,Puebla,LXV
190,Ríos Cheno Bernardo,Sonora,LXV
191,Ritter Ocampo Klaus Uwe,Morelos,LXV
192,Rivera Gutiérrez Riult,Colima,LXV
193,Robledo Ruiz Juan Ramiro,San Luis Potosí,LXV
194,Robles Gómez Manuel Alejandro,Ciudad de México,LXV
195,Robles Montoya Ángel Benjamín,Oaxaca,LXV
196,Rodarte De Lara Miguel Humberto,Ciudad de México,LXV
197,Rodríguez Carrillo Mario Alberto,Jalisco,LXV
198,Rodríguez González Manuel,Tabasco,LXV
199,Rodríguez Muñoz Reynel,Guerrero,LXV
200,Rodríguez Rivera Iván Arturo,Estado de México,LXV
201,Rodríguez Torres Ángel Miguel,Estado de México,LXV
202,Romero Herrera Jorge,Ciudad de México,LXV
203,Romero Hicks Juan Carlos,Guanajuato,LXV
204,Rubio Montejo Roberto Antonio,Chiapas,LXV
205,Salgado Almaguer Pedro,Nuevo León,LXV
206,Sámano Peralta Miguel,Estado de México,LXV
207,Samperio Chaparro Rodrigo Herminio,Estado de México,LXV
208,Sánchez Barrios Carlos,Guerrero,LXV
209,Sánchez Rodríguez Juan Pablo,Estado de México,LXV
210,Sánchez Sánchez Christian Joaquín,San Luis Potosí,LXV
211,Sánchez Zepeda Rodrigo,Michoacán,LXV
212,Sandoval Ballesteros Pablo Amílcar,Guerrero,LXV
213,Sandoval Flores Reginaldo,Michoacán,LXV
214,Sandoval Soto Martín,Hidalgo,LXV
215,Santiago Chepi Azael,Oaxaca,LXV
216,Santiago Manuel Iran,Oaxaca,LXV
217,Segovia Hernández Roberto Alejandro,San Luis Potosí,LXV
218,Serrato Castell Luis Gerardo,Sonora,LXV
219,Sibaja Mendoza Jorge Ángel,Oaxaca,LXV
220,Sosa Gutiérrez Enrique Gerardo,Querétaro,LXV
221,Tejeda Cid Armando,Michoacán,LXV
222,Téllez Hernández Héctor Saúl,Ciudad de México,LXV
223,Tinajero Robles Desiderio,Jalisco,LXV
224,Torreblanca Engell Santiago,Ciudad de México,LXV
225,Torres Escudero Mario Alberto,Veracruz,LXV
226,Torres Navarro Juan Guadalupe,Sinaloa,LXV
227,Torres Rosales Miguel Angel,Zacatecas,LXV
228,Torres Torres Ricardo,Estado de México,LXV
229,Torruco Garza Miguel,Ciudad de México,LXV
230,Tovar Vargas José Salvador,Guanajuato,LXV
231,Triana Tena Jorge,Ciudad de México,LXV
232,Trinidad Balboa José Juan,Chiapas,LXV
233,Valenzuela Corral Roberto,Aguascalientes,LXV
234,Valenzuela González Carlos Alberto,Veracruz,LXV
235,Varela López Víctor Gabriel,Ciudad de México,LXV
236,Varela Pinedo Miguel Ángel,Zacatecas,LXV
237,Vazquez Arellano Manuel,Veracruz,LXV
238,Vázquez González Pedro,Ciudad de México,LXV
239,Vázquez Vázquez Alfredo,Chiapas,LXV
240,Velazquez Flores Jesus Alberto,Veracruz,LXV
241,Vidal Benavides Faustino,Veracruz,LXV
242,Villa Villegas Alberto,Jalisco,LXV
243,Villarreal García Ricardo,Guanajuato,LXV
244,Wences Real Victoriano,Guerrero,LXV
245,Zamora Valdez Casimiro,Sinaloa,LXV
246,Zapata Meraz José Antonio,San Luis Potosí,LXV
247,Zarzosa Sánchez Eduardo,Estado de México,LXV
248,Zebadúa Alva Joaquín,Chiapas,LXV
